Area,Borough,PostTown,Postcode,Dialcode
Barking,Barking and Dagenham,BARKING,IG11,20
Becontree,Barking and Dagenham,DAGENHAM,RM9,20
Becontree Heath,Barking and Dagenham,DAGENHAM,RM8,20
Castle Green,Barking and Dagenham,DAGENHAM,RM9,20
Creekmouth,Barking and Dagenham,BARKING,IG11,20
Dagenham,Barking and Dagenham,DAGENHAM,"RM9, RM10",20
Marks Gate,Barking and Dagenham,ROMFORD,RM6,20
Rush Green,Barking and Dagenham,ROMFORD,RM7,20
Arkley,Barnet,"BARNET, LONDON","EN5, NW7",20
Barnet,Barnet,BARNET,EN5,20
Barnet Gate,Barnet,"LONDON, BARNET","NW7, EN5",20
Brent Cross,Barnet,LONDON,"NW2, NW4",20
Brunswick Park,Barnet,LONDON,N11,20
Burnt Oak,Barnet,EDGWARE,HA8,20
"Burroughs, The",Barnet,LONDON,NW4,20
Childs Hill,Barnet,LONDON,NW2,20
Church End,Barnet,LONDON,N3,20
Colindale,Barnet,LONDON,NW9,20
Colney Hatch,Barnet,LONDON,"N11, N10",20
East Barnet,Barnet,BARNET,EN4,20
East Finchley,Barnet,LONDON,N2,20
Edgware,Barnet,EDGWARE,HA8,20
Finchley,Barnet,LONDON,"N2, N3, N12",20
Friern Barnet,Barnet,LONDON,N11,20
Golders Green,Barnet,LONDON,NW11,20
Grahame Park,Barnet,LONDON,NW9,20
Hampstead Garden Suburb,Barnet,LONDON,N2,20
Hendon,Barnet,LONDON,NW4,20
Mill Hill,Barnet,LONDON,NW7,20
Monken Hadley,Barnet,BARNET,EN5,20
New Barnet,Barnet,BARNET,"EN4, EN5",20
New Southgate,Barnet,LONDON,N11,20
North Finchley,Barnet,LONDON,N12,20
Oakleigh Park,Barnet,LONDON,N20,20
Osidge,Barnet,LONDON,N14,20
Temple Fortune,Barnet,BARNET,EN5,20
The Hale,Barnet,LONDON,NW7,20
The Hyde,Barnet,LONDON,NW9,20
Totteridge,Barnet,LONDON,N20,20
West Hendon,Barnet,LONDON,NW9,20
Whetstone,Barnet,LONDON,N20,20
Woodside Park,Barnet,LONDON,N12,20
Cricklewood,"Barnet, Brent, Camden",LONDON,NW2,20
Cockfosters,"Barnet, Enfield",BARNET,EN4,20
Albany Park,Bexley,"BEXLEY, SIDCUP","DA5, DA14",20
Barnehurst,Bexley,BEXLEYHEATH,DA7,1322
Barnes Cray,Bexley,DARTFORD,DA1,1322
Belvedere,Bexley,BELVEDERE,DA17,20
Bexley,Bexley,BEXLEY,DA5,20
Bexleyheath,Bexley,"BEXLEYHEATH, LONDON","DA6, DA7, SE2",20
Blackfen,Bexley,SIDCUP,DA15,20
Blendon,Bexley,BEXLEY,DA 5,20
Colyers,Bexley,ERITH,DA8,1322
Crayford,Bexley,DARTFORD,DA1,1322
Crook Log,Bexley,BEXLEYHEATH,DA6,20
Crossness,Bexley,LONDON,SE2,20
East Wickham,Bexley,WELLING,DA16,20
Erith,Bexley,ERITH,"DA8, DA18",1322
Falconwood,Bexley,"LONDON, WELLING","SE9, DA16",20
Foots Cray,Bexley,SIDCUP,DA14,20
Lamorbey,Bexley,SIDCUP,DA15,20
Lessness Heath,Bexley,BELVEDERE,DA17,20
Longlands,Bexley,"LONDON, SIDCUP","SE9, DA14, DA15",20
North Cray,Bexley,SIDCUP,DA14,20
North End,Bexley,ERITH,DA8,1322
Northumberland Heath,Bexley,ERITH,DA8,1322
Sidcup,Bexley,SIDCUP,"DA14, DA15",20
Slade Green,Bexley,ERITH,DA8,1322
Upton,Bexley,BEXLEYHEATH,DA6,20
Welling,Bexley,WELLING,DA16,20
West Heath,Bexley,LONDON,SE2,20
Ruxley,"Bexley, Bromley","SIDCUP, ORPINGTON","DA14, BR5","020, 01689"
Upper Ruxley,"Bexley, Bromley","SIDCUP, ORPINGTON","DA14, BR5","020, 01689"
Thamesmead,"Bexley, Greenwich","LONDON, ERITH","SE28, SE2, DA18",20
Alperton,Brent,WEMBLEY,HA0,20
Brent Park,Brent,LONDON,NW10,20
Brondesbury,Brent,LONDON,NW6,20
Church End,Brent,LONDON,NW10,20
Dollis Hill,Brent,LONDON,NW2,20
Harlesden,Brent,LONDON,NW10,20
Kensal Green,Brent,LONDON,"NW10, NW6",20
Kingsbury,Brent,LONDON,NW9,20
Neasden,Brent,LONDON,"NW2, NW10",20
Preston,Brent,WEMBLEY,HA9,20
Queen's Park,Brent,LONDON,NW6,20
Tokyngton,Brent,WEMBLEY,HA9,20
Wembley,Brent,WEMBLEY,"HA0, HA9",20
Wembley Park,Brent,WEMBLEY,HA9,20
Willesden,Brent,LONDON,NW10,20
Park Royal,Brent and Ealing,LONDON,NW10,20
Kenton,Brent and Harrow,HARROW,HA3,20
Kilburn,"Brent, Camden",LONDON,NW6,20
Sudbury,"Brent, Harrow, Ealing","HARROW, WEMBLEY","HA0, HA1",20
Anerley,Bromley,LONDON,SE20,20
Aperfield,Bromley,WESTERHAM,TN16,1959
Beckenham,Bromley,"BECKENHAM, LONDON","BR3, SE20",20
Bickley,Bromley,BROMLEY,BR3,20
Biggin Hill,Bromley,WESTERHAM,TN16,1959
Bromley,Bromley,BROMLEY,BR1,20
Bromley Common,Bromley,BROMLEY,BR3,20
Chelsfield,Bromley,ORPINGTON,BR6,1689
Chislehurst,Bromley,CHISLEHURST,BR7,20
Coney Hall,Bromley,WEST WICKHAM,BR4,20
Crystal Palace,Bromley,LONDON,"SE19, SE20, SE26",20
Cudham,Bromley,SEVENOAKS,TN14,1959
Derry Downs,Bromley,ORPINGTON,BR5,1689
Downe,Bromley,ORPINGTON,BR6,1689
Eden Park,Bromley,BECKENHAM,BR3,20
Elmers End,Bromley,BECKENHAM,BR3,20
Elmstead,Bromley,CHISLEHURST,BR7,20
Goddington,Bromley,ORPINGTON,BR6,1689
Hayes,Bromley,BROMLEY,BR2,20
Hazelwood,Bromley,ORPINGTON,BR6,1689
Keston,Bromley,KESTON,BR2,1698
Leaves Green,Bromley,KESTON,BR2,1689
Locksbottom,Bromley,ORPINGTON,BR6,1689
Mottingham,Bromley,LONDON,SE9,20
Orpington,Bromley,ORPINGTON,"BR5, BR6",1689
Penge,Bromley,LONDON,SE20,20
Petts Wood,Bromley,ORPINGTON,BR5,1689
Plaistow,Bromley,BROMLEY,BR1,20
Pratt's Bottom,Bromley,ORPINGTON,BR6,1689
Southborough,Bromley,BROMLEY,BR2,20
St Mary Cray,Bromley,ORPINGTON,BR5,1689
St Paul's Cray,Bromley,ORPINGTON,BR5,1689
Sundridge,Bromley,BROMLEY,BR1,20
West Wickham,Bromley,WEST WICKHAM,BR4,20
Widmore,Bromley,BROMLEY,BR1,20
Belsize Park,Camden,LONDON,NW3,20
Bloomsbury,Camden,LONDON,WC1,20
Camden Town,Camden,LONDON,NW1,20
Chalk Farm,Camden,LONDON,NW1,20
Fitzrovia,Camden,LONDON,W1,20
Frognal,Camden,LONDON,NW3,20
Gospel Oak,Camden,LONDON,"NW5, NW3",20
Hampstead,Camden,LONDON,NW3,20
Highgate,Camden,LONDON,N6,20
Holborn,Camden,LONDON,"WC1, WC2",20
Kentish Town,Camden,LONDON,NW5,20
Primrose Hill,Camden,LONDON,"NW1, NW3, NW8",20
Somerstown,Camden,LONDON,NW1,20
St Giles,Camden,LONDON,WC2,20
St Pancras,Camden,LONDON,WC1,20
Swiss Cottage,Camden,LONDON,NW3,20
West Hampstead,Camden,LONDON,NW6,20
King's Cross,Camden and Islington,LONDON,WC1,20
Aldgate,City of London,LONDON,EC3,20
Barbican,City of London,LONDON,EC1,20
Blackfriars,City of London,LONDON,EC4,20
Temple,"City of London, Westminster",LONDON,"EC4, WC2",20
Addington,Croydon,CROYDON,CR0,20
Addiscombe,Croydon,CROYDON,CR0,20
Coombe,Croydon,CROYDON,CR0,20
Coulsdon,Croydon,COULSDON,CR5,"020, 01737"
Croydon,Croydon,CROYDON,CR0,20
Forestdale,Croydon,CROYDON,CR0,20
Kenley,Croydon,PURLEY,CR8,20
New Addington,Croydon,CROYDON,CR0,20
Norbury,Croydon,LONDON,SW16,20
Old Coulsdon,Croydon,COULSDON,CR5,1737
Purley,Croydon,PURLEY,CR8,20
Riddlesdown,Croydon,PURLEY,CR8,20
Sanderstead,Croydon,SOUTH CROYDON,CR2,20
Selhurst,Croydon,LONDON,SE25,20
Selsdon,Croydon,SOUTH CROYDON,CR2,20
Shirley,Croydon,CROYDON,CR0,20
South Croydon,Croydon,SOUTH CROYDON,CR2,20
South Norwood,Croydon,LONDON,SE25,20
Thornton Heath,Croydon,THORNTON HEATH,CR7,20
Upper Norwood,Croydon,LONDON,SE19,20
Waddon,Croydon,CROYDON,CR0,20
Woodside,Croydon,CROYDON,CR0,20
Bedford Park,Ealing,LONDON,W4,20
Ealing,Ealing,LONDON,"W5, W13",20
Greenford,Ealing,GREENFORD,UB6,20
Hanwell,Ealing,LONDON,W7,20
Northolt,Ealing,NORTHOLT,UB5,20
Norwood Green,Ealing,SOUTHALL,UB2,20
Perivale,Ealing,GREENFORD,UB6,20
Southall,Ealing,SOUTHALL,"UB1, UB2",20
West Ealing,Ealing,LONDON,W13,20
Acton,"Ealing, Hammersmith and Fulham",LONDON,"W3, W4",20
Arnos Grove,Enfield,LONDON,"N11, N14",20
Botany Bay,Enfield,ENFIELD,EN2,20
Brimsdown,Enfield,ENFIELD,EN3,20
Bulls Cross,Enfield,ENFIELD,"EN2, EN3",20
Crews Hill,Enfield,ENFIELD,EN2,20
Edmonton,Enfield,LONDON,"N9, N18",20
Enfield Highway,Enfield,ENFIELD,EN3,20
Enfield Lock,Enfield,ENFIELD,EN3,1992
Enfield Town,Enfield,ENFIELD,"EN1, EN2",20
Enfield Wash,Enfield,ENFIELD,EN3,20
Freezywater,Enfield,ENFIELD,EN3,20
Grange Park,Enfield,LONDON,N21,20
Hadley Wood,Enfield,BARNET,EN4,20
Palmers Green,Enfield,LONDON,N13,20
Ponders End,Enfield,ENFIELD,"EN1, EN3",20
Southgate,Enfield,LONDON,N14,20
Winchmore Hill,Enfield,LONDON,N21,20
Abbey Wood,Greenwich,LONDON,SE2,20
Blackheath Royal Standard,Greenwich,LONDON,"SE3, SE12",20
Charlton,Greenwich,LONDON,SE7,20
Eltham,Greenwich,LONDON,SE9,20
Greenwich,Greenwich,LONDON,SE10,20
Horn Park,Greenwich,LONDON,SE12,20
Kidbrooke,Greenwich,LONDON,SE3,20
Maze Hill,Greenwich,LONDON,SE10,20
Middle Park,Greenwich,LONDON,SE9,20
New Eltham,Greenwich,LONDON,SE9,20
Plumstead,Greenwich,LONDON,SE18,20
Shooter's Hill,Greenwich,LONDON,SE18,20
Well Hall,Greenwich,LONDON,SE9,20
Westcombe Park,Greenwich,LONDON,SE3,20
Woolwich,Greenwich,LONDON,SE18,20
Dalston,Hackney,LONDON,E8,20
Hackney,Hackney,LONDON,E8,20
Hackney Marshes,Hackney,LONDON,E9,20
Hackney Wick,Hackney,LONDON,E9,20
Haggerston,Hackney,LONDON,E2,20
Homerton,Hackney,LONDON,E9,20
Hoxton,Hackney,LONDON,N1,20
Lea Bridge,Hackney,LONDON,E10,20
Lower Clapton,Hackney,LONDON,E5,20
Manor House,Hackney,LONDON,N4,20
Shacklewell,Hackney,LONDON,"E8, N16",20
Shoreditch,Hackney,LONDON,N1,20
South Hackney,Hackney,LONDON,E9,20
Stamford Hill,Hackney,LONDON,"N15, N16",20
Stoke Newington,Hackney,LONDON,N16,20
Upper Clapton,Hackney,LONDON,E5,20
West Hackney,Hackney,LONDON,N16,20
Fulham,Hammersmith and Fulham,LONDON,SW6,20
Hammersmith,Hammersmith and Fulham,LONDON,W6,20
Old Oak Common,Hammersmith and Fulham,LONDON,NW10,20
Parsons Green,Hammersmith and Fulham,LONDON,SW6,20
Sands End,Hammersmith and Fulham,LONDON,SW6,20
Shepherd's Bush,Hammersmith and Fulham,LONDON,W12,20
West Kensington,Hammersmith and Fulham,LONDON,W14,20
White City of London,Hammersmith and Fulham,LONDON,W12,20
Wormwood Scrubs,Hammersmith and Fulham,LONDON,W12,20
Bounds Green,Haringey,LONDON,"N11, N22",20
Bowes Park,Haringey,LONDON,N22,20
Crouch End,Haringey,LONDON,N8,20
Fortis Green,Haringey,LONDON,N10,20
Harringay,Haringey,LONDON,"N4, N8, N15",20
Hornsey,Haringey,LONDON,N8,20
Seven Sisters,Haringey,LONDON,N15,20
South Tottenham,Haringey,LONDON,"N15, N17",20
Stroud Green,Haringey,LONDON,N4,20
Tottenham,Haringey,LONDON,"N15, N17",20
Tottenham Green,Haringey,LONDON,N15,20
Tottenham Hale,Haringey,LONDON,"N15, N17",20
Turnpike Lane,Haringey,LONDON,N8,20
West Green,Haringey,LONDON,N15,20
Wood Green,Haringey,LONDON,N22,20
Muswell Hill,Haringey and Barnet,LONDON,N10,20
Finsbury Park,"Haringey, Islington",LONDON,N4,20
Belmont,Harrow,"HARROW, STANMORE","HA3, HA7",20
Harrow,Harrow,HARROW,HA1,20
Harrow on the Hill,Harrow,HARROW,HA1,20
Harrow Weald,Harrow,HARROW,HA3,20
Hatch End,Harrow,PINNER,HA5,20
North Harrow,Harrow,HARROW,"HA1, HA2",20
Pinner,Harrow,PINNER,HA5,20
Rayners Lane,Harrow,PINNER,HA5,20
South Harrow,Harrow,HARROW,HA2,20
Stanmore,Harrow,STANMORE,HA7,20
Wealdstone,Harrow,HARROW,HA3,20
West Harrow,Harrow,HARROW,HA2,20
Queensbury,Harrow and Brent,"HARROW, STANMORE, EDGWARE, LONDON","HA3, HA7, HA8",20
Ardleigh Green,Havering,HORNCHURCH,RM11,1708
Chase Cross,Havering,ROMFORD,RM5,1708
Collier Row,Havering,ROMFORD,RM5,1708
Cranham,Havering,UPMINSTER,RM14,1708
Elm Park,Havering,HORNCHURCH,RM12,1708
Emerson Park,Havering,HORNCHURCH,RM11,1708
Gallows Corner,Havering,ROMFORD,"RM2, RM3",1708
Gidea Park,Havering,ROMFORD,RM2,1708
Harold Hill,Havering,ROMFORD,RM3,1708
Harold Park,Havering,ROMFORD,RM3,1708
Harold Wood,Havering,ROMFORD,RM3,1708
Havering-atte-Bower,Havering,ROMFORD,RM4,1708
Hornchurch,Havering,HORNCHURCH,"RM11, RM12",1708
Noak Hill,Havering,ROMFORD,"RM3, RM4",1708
North Ockendon,Havering,UPMINSTER,RM14,1708
Rainham,Havering,RAINHAM,RM13,1708
Romford,Havering,ROMFORD,RM1,1708
South Hornchurch,Havering,RAINHAM,RM13,1708
Upminster,Havering,UPMINSTER,RM14,1708
Upminster Bridge,Havering,HORNCHURCH,RM12,1708
Wennington,Havering,RAINHAM,RM13,1708
Cowley,Hillingdon,UXBRIDGE,UB8,1895
Eastcote,Hillingdon,PINNER,"HA5, HA4",20
Harefield,Hillingdon,UXBRIDGE,UB9,1895
Harlington,Hillingdon,HAYES,UB3,20
Harmondsworth,Hillingdon,WEST DRAYTON,UB7,20
Hayes,Hillingdon,HAYES,"UB3, UB4",20
Hillingdon,Hillingdon,UXBRIDGE,"UB8, UB10",20
Ickenham,Hillingdon,UXBRIDGE,UB10,1895
Longford,Hillingdon,WEST DRAYTON,UB7,1753
Northwood,Hillingdon,NORTHWOOD,HA6,1923
Ruislip,Hillingdon,RUISLIP,HA4,1895
Sipson,Hillingdon,WEST DRAYTON,UB7,20
South Ruislip,Hillingdon,RUISLIP,HA4,"01895, 020"
Uxbridge,Hillingdon,UXBRIDGE,UB8,1895
West Drayton,Hillingdon,WEST DRAYTON,UB7,1895
Yeading,Hillingdon,HAYES,UB4,20
Yiewsley,Hillingdon,WEST DRAYTON,UB7,20
Brentford,Hounslow,BRENTFORD,TW8,20
Cranford,Hounslow,HOUNSLOW,TW5,20
East Bedfont,Hounslow,FELTHAM,TW14,20
Feltham,Hounslow,FELTHAM,"TW13, TW14",20
Grove Park,Hounslow,LONDON,W4,20
Gunnersbury,Hounslow,LONDON,W4,20
Hanworth,Hounslow,FELTHAM,TW13,20
Hatton,Hounslow,FELTHAM,TW14,20
Heston,Hounslow,HOUNSLOW,TW5,20
Hounslow,Hounslow,HOUNSLOW,TW3,20
Isleworth,Hounslow,ISLEWORTH,TW7,20
Lampton,Hounslow,HOUNSLOW,TW4,20
Osterley,Hounslow,ISLEWORTH,TW7,20
Woodlands,Hounslow,HOUNSLOW,TW7,20
Chiswick,"Hounslow, Ealing, Hammersmith and Fulham",LONDON,W4,20
Angel,Islington,LONDON,"EC1, N1",20
Archway,Islington,LONDON,N19,20
Barnsbury,Islington,LONDON,N1,20
Canonbury,Islington,LONDON,N1,20
Clerkenwell,Islington,LONDON,EC1,20
De Beauvoir Town,Islington,LONDON,N1,20
Finsbury,Islington,LONDON,EC1,20
Highbury,Islington,LONDON,N5,20
Holloway,Islington,LONDON,N7,20
Islington,Islington,LONDON,N1,20
Nag's Head,Islington,LONDON,N7,20
Pentonville,Islington,LONDON,N1,20
St Luke's,Islington,LONDON,EC1,20
Tufnell Park,Islington,LONDON,"N7, N19",20
Upper Holloway,Islington,LONDON,N19,20
Farringdon,Islington & City of London,LONDON,EC1,20
Chelsea,Kensington and Chelsea,LONDON,SW3,20
Earls Court,Kensington and Chelsea,LONDON,"SW5, SW10",20
Holland Park,Kensington and Chelsea,LONDON,"W8, W11, W14",20
Kensington,Kensington and Chelsea,LONDON,SW7,20
North Kensington,Kensington and Chelsea,LONDON,"W10, W11",20
Notting Hill,Kensington and Chelsea,LONDON,W11,20
South Kensington,Kensington and Chelsea,LONDON,"SW7, SW3, SW5",20
West Brompton,Kensington and Chelsea,LONDON,SW10,20
Brompton,"Kensington and Chelsea,Hammersmith and Fulham",LONDON,SW3,20
Berrylands,Kingston upon Thames,SURBITON,KT5,20
Chessington,Kingston upon Thames,CHESSINGTON,KT9,20
Coombe,Kingston upon Thames,KINGSTON UPON THAMES,KT2,20
Hook,Kingston upon Thames,CHESSINGTON,KT9,20
Kingston upon Thames,Kingston upon Thames,KINGSTON UPON THAMES,"KT1, KT2",20
Kingston Vale,Kingston upon Thames,LONDON,SW15,20
Malden Rushett,Kingston upon Thames,CHESSINGTON,KT9,20
Motspur Park,Kingston upon Thames,NEW MALDEN,KT3,20
New Malden,Kingston upon Thames,NEW MALDEN,KT3,20
Norbiton,Kingston upon Thames,KINGSTON UPON THAMES,"KT1, KT2",20
Old Malden,Kingston upon Thames,WORCESTER PARK,KT4,20
Surbiton,Kingston upon Thames,SURBITON,KT6,20
Tolworth,Kingston upon Thames,SURBITON,"KT5, KT6",20
Brixton,Lambeth,LONDON,"SW2, SW9, SE5",20
Gipsy Hill,Lambeth,LONDON,"SE19, SE27",20
Herne Hill,Lambeth,LONDON,SE24,20
Lambeth,Lambeth,LONDON,SE1,20
Oval,Lambeth,LONDON,"SW8, SW9, SE11",20
Stockwell,Lambeth,LONDON,"SW8, SW9",20
Streatham,Lambeth,LONDON,SW16,20
Tulse Hill,Lambeth,LONDON,"SE24, SE27",20
Vauxhall,Lambeth,LONDON,SW8,20
West Norwood,Lambeth,LONDON,SE27,20
Kennington,"Lambeth, Southwark",LONDON,SE11,20
Clapham,"Lambeth, Wandsworth",LONDON,SW4,20
Bellingham,Lewisham,LONDON,SE6,20
Blackheath,Lewisham,LONDON,SE3,20
Brockley,Lewisham,LONDON,SE4,20
Catford,Lewisham,LONDON,SE6,20
Chinbrook,Lewisham,LONDON,SE12,20
Crofton Park,Lewisham,LONDON,SE4,20
Deptford,Lewisham,LONDON,SE8,20
Downham,Lewisham,BROMLEY,BR1,20
Forest Hill,Lewisham,LONDON,SE23,20
Grove Park,Lewisham,LONDON,SE12,20
Hither Green,Lewisham,LONDON,SE13,20
Honor Oak,Lewisham,LONDON,SE,20
Ladywell,Lewisham,LONDON,"SE4, SE13",20
Lee,Lewisham,LONDON,SE12,20
Lewisham,Lewisham,LONDON,SE13,20
New Cross,Lewisham,LONDON,SE14,20
Southend,Lewisham,LONDON,SE6,20
St Johns,Lewisham,LONDON,SE4,20
Sydenham,"Lewisham, Bromley",LONDON,SE26,20
Sydenham Hill,"Lewisham, Southwark",LONDON,"SE21, SE26",20
Colliers Wood,Merton,LONDON,SW19,20
Lower Morden,Merton,MORDEN,SM4,20
Merton Park,Merton,LONDON,SW19,20
Mitcham,Merton,MITCHAM,CR4,20
Morden,Merton,MORDEN,SM4,20
Morden Park,Merton,MORDEN,SM4,20
Raynes Park,Merton,LONDON,SW20,20
South Wimbledon,Merton,LONDON,SW19,20
St Helier,Merton,MORDEN,SM4,20
Wimbledon,Merton,LONDON,"SW19, SW20",20
Beckton,Newham,"LONDON, BARKING","E6, E16, IG11",20
Canning Town,Newham,LONDON,E16,20
Custom House,Newham,LONDON,E16,20
East Ham,Newham,LONDON,E6,20
Forest Gate,Newham,LONDON,E7,20
Little Ilford,Newham,LONDON,E12,20
Manor Park,Newham,LONDON,E12,20
Maryland,Newham,LONDON,E15,20
North Woolwich,Newham,LONDON,E16,20
Plaistow,Newham,LONDON,E13,20
Silvertown,Newham,LONDON,E16,20
Stratford,Newham,LONDON,E15,20
Upton Park,Newham,LONDON,"E6, E13",20
West Ham,Newham,LONDON,"E13, E15",20
Aldborough Hatch,Redbridge,ILFORD,IG2,20
Barkingside,Redbridge,ILFORD,IG6,20
Gants Hill,Redbridge,ILFORD,IG2,20
Goodmayes,Redbridge,ILFORD,IG3,20
Hainault,Redbridge,CHIGWELL,IG7,20
Ilford,Redbridge,ILFORD,IG1,20
Loxford,Redbridge,ILFORD,IG1,20
Newbury Park,Redbridge,ILFORD,IG2,20
Redbridge,Redbridge,ILFORD,IG4,20
Seven Kings,Redbridge,ILFORD,IG3,20
South Woodford,Redbridge,LONDON,E18,20
Wanstead,Redbridge,LONDON,E11,20
Woodford,Redbridge,LONDON,"IG8, E18",20
Woodford Green,Redbridge,"LONDON, WOODFORD GREEN",IG8,20
Chadwell Heath,"Redbridge, Barking and Dagenham",ROMFORD,RM6,20
Snaresbrook,"Redbridge, Waltham Forest",LONDON,E11,20
Barnes,Richmond upon Thames,LONDON,SW13,20
Castelnau,Richmond upon Thames,LONDON,SW13,20
East Sheen,Richmond upon Thames,LONDON,SW14,20
Eel Pie Island,Richmond upon Thames,TWICKENHAM,TW1,20
Fulwell,Richmond upon Thames,"TEDDINGTON, HAMPTON","TW11, TW12",20
Ham,Richmond upon Thames,RICHMOND,TW10,20
Hampton,Richmond upon Thames,HAMPTON,TW12,20
Hampton Hill,Richmond upon Thames,HAMPTON,TW12,20
Hampton Wick,Richmond upon Thames,KINGSTON UPON THAMES,KT1,20
Kew,Richmond upon Thames,RICHMOND,TW9,20
Mortlake,Richmond upon Thames,LONDON,SW14,20
North Sheen,Richmond upon Thames,RICHMOND,TW9,20
Petersham,Richmond upon Thames,RICHMOND,TW10,20
Richmond,Richmond upon Thames,RICHMOND,"TW9, TW10",20
St Margarets,Richmond upon Thames,TWICKENHAM,TW1,20
Strawberry Hill,Richmond upon Thames,TWICKENHAM,"TW1, TW2",20
Teddington,Richmond upon Thames,TEDDINGTON,TW11,20
Twickenham,Richmond upon Thames,TWICKENHAM,"TW1, TW2",20
Whitton,Richmond upon Thames,TWICKENHAM,TW2,20
Bankside,Southwark,LONDON,SE1,20
Bermondsey,Southwark,LONDON,SE1,20
Camberwell,Southwark,LONDON,SE5,20
Denmark Hill,Southwark,LONDON,SE5,20
Dulwich,Southwark,LONDON,SE21,20
East Dulwich,Southwark,LONDON,SE22,20
Elephant and Castle,Southwark,LONDON,"SE1, SE11, SE17",20
Newington,Southwark,LONDON,"SE1, SE17",20
Nunhead,Southwark,LONDON,SE15,20
Peckham,Southwark,LONDON,SE15,20
Rotherhithe,Southwark,LONDON,SE16,20
Surrey Quays,Southwark,LONDON,SE16,20
Walworth,Southwark,LONDON,SE17,20
Beddington,Sutton,"WALLINGTON, CROYDON","SM6, CR0",20
Belmont,Sutton,SUTTON,SM2,20
Carshalton,Sutton,CARSHALTON,SM5,20
Cheam,Sutton,SUTTON,SM3,20
Sutton,Sutton,SUTTON,SM1,20
Wallington,Sutton,WALLINGTON,SM6,20
Worcester Park,"Sutton, Kingston upon thames",WORCESTER PARK,KT4,20
Bethnal Green,Tower Hamlets,LONDON,E2,20
Blackwall,Tower Hamlets,LONDON,E14,20
Bow,Tower Hamlets,LONDON,E3,20
Bromley,Tower Hamlets,LONDON,E3,20
Cambridge Heath,Tower Hamlets,LONDON,E2,20
Canary Wharf,Tower Hamlets,LONDON,E14,20
Cubitt Town,Tower Hamlets,LONDON,E14,20
Isle of Dogs,Tower Hamlets,LONDON,E14,20
Leamouth,Tower Hamlets,LONDON,E14,20
Limehouse,Tower Hamlets,LONDON,E14,20
Mile End,Tower Hamlets,LONDON,E1,20
Millwall,Tower Hamlets,LONDON,E14,20
Old Ford,Tower Hamlets,LONDON,E3,20
Poplar,Tower Hamlets,LONDON,E14,20
Ratcliff,Tower Hamlets,LONDON,E1,20
Shadwell,Tower Hamlets,LONDON,E1,20
Spitalfields,Tower Hamlets,LONDON,E1,20
Stepney,Tower Hamlets,LONDON,E1,20
Tower Hill,Tower Hamlets,LONDON,EC3,20
Wapping,Tower Hamlets,LONDON,E1,20
Whitechapel,Tower Hamlets,LONDON,E1,20
Cann Hall,Waltham Forest,LONDON,E11,20
Chingford,Waltham Forest,LONDON,E4,20
Highams Park,Waltham Forest,LONDON,E4,20
Leyton,Waltham Forest,LONDON,"E10, E15",20
Leytonstone,Waltham Forest,LONDON,E11,20
Upper Walthamstow,Waltham Forest,LONDON,E17,20
Walthamstow,Waltham Forest,LONDON,E17,20
Walthamstow Village,Waltham Forest,LONDON,E17,20
Balham,Wandsworth,LONDON,SW12,20
Battersea,Wandsworth,LONDON,SW11,20
Earlsfield,Wandsworth,LONDON,SW18,20
Nine Elms,Wandsworth,LONDON,SW8,20
Putney,Wandsworth,LONDON,SW15,20
Roehampton,Wandsworth,LONDON,SW15,20
Southfields,Wandsworth,LONDON,"SW18, SW19",20
Tooting,Wandsworth,LONDON,SW17,20
Tooting Bec,Wandsworth,LONDON,SW17,20
Wandsworth,Wandsworth,LONDON,SW18,20
Aldwych,Westminster,LONDON,WC2,20
Bayswater,Westminster,LONDON,W2,20
Belgravia,Westminster,LONDON,SW1,20
Charing Cross,Westminster,LONDON,WC2,20
Chinatown,Westminster,LONDON,W1,20
Covent Garden,Westminster,LONDON,WC2,20
Knightsbridge,Westminster,LONDON,SW1,20
Lisson Grove,Westminster,LONDON,NW8,20
Maida Vale,Westminster,LONDON,W9,20
Marylebone,Westminster,LONDON,W1,20
Mayfair,Westminster,LONDON,W1,20
Millbank,Westminster,LONDON,SW1,20
Paddington,Westminster,LONDON,W2,20
Pimlico,Westminster,LONDON,SW1,20
Soho,Westminster,LONDON,W1,20
St James's,Westminster,LONDON,SW1,20
St John's Wood,Westminster,LONDON,NW8,20
Westminster,Westminster,,,
